X,CH1,CH2,CH3,CH4,Start,Increment
0,1.36e+00,-4.00e-01,-7.80e-02,-1.28e+00,0,2.000000e-06
1,1.44e+00,-3.60e-01,-8.20e-02,-1.36e+00,
2,1.36e+00,-4.00e-01,-7.80e-02,-1.28e+00,
3,1.52e+00,-4.40e-01,-8.20e-02,-1.36e+00,
4,1.52e+00,-4.40e-01,-8.20e-02,-1.28e+00,
5,1.60e+00,-4.80e-01,-8.00e-02,-1.28e+00,
6,1.52e+00,-4.40e-01,-8.20e-02,-1.28e+00,
7,1.60e+00,-5.20e-01,-8.00e-02,-1.28e+00,
8,1.52e+00,-4.40e-01,-8.00e-02,-1.28e+00,
9,1.68e+00,-5.20e-01,-7.80e-02,-1.20e+00,
10,1.68e+00,-5.20e-01,-7.80e-02,-1.20e+00,
11,1.68e+00,-4.80e-01,-7.60e-02,-1.20e+00,
12,1.60e+00,-4.80e-01,-7.80e-02,-1.20e+00,
13,1.84e+00,-5.60e-01,-7.40e-02,-1.12e+00,
14,1.76e+00,-5.60e-01,-7.40e-02,-1.20e+00,
15,1.84e+00,-6.00e-01,-7.00e-02,-1.12e+00,
16,1.76e+00,-6.00e-01,-7.20e-02,-1.20e+00,
17,1.84e+00,-5.60e-01,-6.60e-02,-1.12e+00,
18,1.92e+00,-5.60e-01,-6.80e-02,-1.12e+00,
19,1.84e+00,-6.40e-01,-6.40e-02,-1.20e+00,
20,1.92e+00,-6.00e-01,-6.40e-02,-1.12e+00,
21,1.84e+00,-6.40e-01,-6.00e-02,-1.04e+00,
22,1.84e+00,-6.00e-01,-6.20e-02,-1.04e+00,
23,2.00e+00,-6.80e-01,-5.80e-02,-1.04e+00,
24,2.00e+00,-6.80e-01,-5.60e-02,-1.04e+00,
25,2.08e+00,-7.20e-01,-5.20e-02,-1.12e+00,
26,2.00e+00,-6.80e-01,-5.00e-02,-1.04e+00,
27,2.08e+00,-7.20e-01,-4.80e-02,-1.04e+00,
28,2.00e+00,-6.80e-01,-4.80e-02,-1.04e+00,
29,2.16e+00,-7.60e-01,-4.20e-02,-1.12e+00,
30,2.00e+00,-6.80e-01,-4.20e-02,-1.04e+00,
31,2.16e+00,-7.60e-01,-3.60e-02,-8.80e-01,
32,2.16e+00,-7.60e-01,-3.80e-02,-9.60e-01,
33,2.16e+00,-7.60e-01,-3.00e-02,-8.80e-01,
34,2.16e+00,-7.60e-01,-3.20e-02,-9.60e-01,
35,2.08e+00,-7.60e-01,-2.40e-02,-8.80e-01,
36,2.16e+00,-7.20e-01,-2.40e-02,-8.80e-01,
37,2.08e+00,-8.00e-01,-1.40e-02,-9.60e-01,
38,2.16e+00,-8.00e-01,-1.60e-02,-9.60e-01,
39,2.32e+00,-8.40e-01,-8.00e-03,-8.80e-01,
40,2.24e+00,-8.40e-01,-4.00e-03,-9.60e-01,
41,2.24e+00,-8.00e-01,2.00e-03,-8.00e-01,
42,2.24e+00,-8.00e-01,4.00e-03,-8.00e-01,
43,2.24e+00,-8.80e-01,1.00e-02,-8.80e-01,
44,2.24e+00,-8.40e-01,1.00e-02,-8.80e-01,
45,2.32e+00,-8.80e-01,1.40e-02,-8.00e-01,
46,2.24e+00,-8.80e-01,1.00e-02,-8.00e-01,
47,2.40e+00,-8.80e-01,1.40e-02,-8.00e-01,
48,2.40e+00,-9.20e-01,1.20e-02,-8.00e-01,
49,2.24e+00,-8.40e-01,1.40e-02,-8.00e-01,
50,2.40e+00,-8.80e-01,1.00e-02,-8.00e-01,
51,2.40e+00,-9.60e-01,1.40e-02,-8.80e-01,
52,2.40e+00,-8.80e-01,1.20e-02,-8.00e-01,
53,2.32e+00,-9.60e-01,1.60e-02,-8.00e-01,
54,2.32e+00,-9.60e-01,1.80e-02,-8.00e-01,
55,2.40e+00,-9.20e-01,2.40e-02,-8.00e-01,
56,2.40e+00,-9.20e-01,2.20e-02,-8.00e-01,
57,2.32e+00,-9.60e-01,2.60e-02,-8.00e-01,
58,2.40e+00,-9.20e-01,2.80e-02,-8.00e-01,
59,2.56e+00,-1.00e+00,2.60e-02,-6.40e-01,
60,2.48e+00,-1.00e+00,3.00e-02,-6.40e-01,
61,2.56e+00,-1.00e+00,3.20e-02,-7.20e-01,
62,2.48e+00,-1.00e+00,3.20e-02,-7.20e-01,
63,2.56e+00,-1.00e+00,2.80e-02,-6.40e-01,
64,2.48e+00,-1.00e+00,2.80e-02,-6.40e-01,
65,2.56e+00,-1.00e+00,3.00e-02,-7.20e-01,
66,2.48e+00,-1.00e+00,2.60e-02,-7.20e-01,
67,2.56e+00,-1.00e+00,2.80e-02,-6.40e-01,
68,2.48e+00,-1.00e+00,2.60e-02,-7.20e-01,
69,2.56e+00,-1.00e+00,2.80e-02,-6.40e-01,
70,2.56e+00,-1.00e+00,2.60e-02,-6.40e-01,
71,2.48e+00,-1.00e+00,3.40e-02,-7.20e-01,
72,2.48e+00,-1.00e+00,3.20e-02,-7.20e-01,
73,2.56e+00,-1.08e+00,3.40e-02,-6.40e-01,
74,2.48e+00,-1.08e+00,3.40e-02,-6.40e-01,
75,2.56e+00,-1.00e+00,3.80e-02,-7.20e-01,
76,2.48e+00,-1.08e+00,4.00e-02,-7.20e-01,
77,2.56e+00,-1.04e+00,3.60e-02,-6.40e-01,
78,2.48e+00,-1.04e+00,3.80e-02,-7.20e-01,
79,2.56e+00,-1.08e+00,3.40e-02,-6.40e-01,
80,2.48e+00,-1.08e+00,3.40e-02,-7.20e-01,
81,2.56e+00,-1.04e+00,3.60e-02,-6.40e-01,
82,2.56e+00,-1.08e+00,3.40e-02,-7.20e-01,
83,2.48e+00,-1.04e+00,3.00e-02,-5.60e-01,
84,2.56e+00,-1.04e+00,3.40e-02,-5.60e-01,
85,2.48e+00,-1.08e+00,3.20e-02,-5.60e-01,
86,2.48e+00,-1.08e+00,3.20e-02,-5.60e-01,
87,2.56e+00,-1.04e+00,3.60e-02,-5.60e-01,
88,2.56e+00,-1.08e+00,3.40e-02,-5.60e-01,
89,2.48e+00,-1.04e+00,3.80e-02,-5.60e-01,
90,2.48e+00,-1.08e+00,3.60e-02,-5.60e-01,
91,2.56e+00,-1.04e+00,4.00e-02,-5.60e-01,
92,2.48e+00,-1.08e+00,3.80e-02,-5.60e-01,
93,2.56e+00,-1.04e+00,4.00e-02,-5.60e-01,
94,2.48e+00,-1.04e+00,3.60e-02,-5.60e-01,
95,2.56e+00,-1.08e+00,4.00e-02,-5.60e-01,
96,2.48e+00,-1.08e+00,3.60e-02,-5.60e-01,
97,2.56e+00,-1.04e+00,3.20e-02,-5.60e-01,
98,2.56e+00,-1.04e+00,3.20e-02,-5.60e-01,
99,2.48e+00,-1.08e+00,3.40e-02,-5.60e-01,
100,2.40e+00,-1.08e+00,3.40e-02,-5.60e-01,
101,2.56e+00,-1.00e+00,3.00e-02,-5.60e-01,
102,2.40e+00,-1.00e+00,3.20e-02,-5.60e-01,
103,2.32e+00,-1.08e+00,3.60e-02,-5.60e-01,
104,2.40e+00,-1.00e+00,3.40e-02,-5.60e-01,
105,2.40e+00,-1.00e+00,3.80e-02,-5.60e-01,
106,2.40e+00,-1.00e+00,3.80e-02,-5.60e-01,
107,2.40e+00,-1.00e+00,3.40e-02,-4.00e-01,
108,2.40e+00,-1.00e+00,3.80e-02,-4.80e-01,
109,2.32e+00,-1.00e+00,3.60e-02,-4.00e-01,
110,2.40e+00,-1.00e+00,3.40e-02,-4.00e-01,
111,2.32e+00,-1.00e+00,3.20e-02,-4.80e-01,
112,2.40e+00,-1.00e+00,3.40e-02,-4.80e-01,
113,2.24e+00,-1.00e+00,3.00e-02,-4.00e-01,
114,2.32e+00,-1.00e+00,3.20e-02,-4.00e-01,
115,2.24e+00,-1.00e+00,2.80e-02,-4.80e-01,
116,2.24e+00,-1.00e+00,2.80e-02,-4.00e-01,
117,2.24e+00,-9.20e-01,2.80e-02,-4.80e-01,
118,2.24e+00,-1.00e+00,2.80e-02,-4.00e-01,
119,2.32e+00,-9.20e-01,3.00e-02,-4.80e-01,
120,2.32e+00,-9.60e-01,2.80e-02,-4.80e-01,
121,2.16e+00,-9.20e-01,3.00e-02,-4.00e-01,
122,2.16e+00,-9.60e-01,3.00e-02,-4.80e-01,
123,2.08e+00,-9.20e-01,3.00e-02,-4.00e-01,
124,2.16e+00,-9.20e-01,3.00e-02,-4.00e-01,
125,2.08e+00,-9.60e-01,2.60e-02,-4.80e-01,
126,2.16e+00,-8.80e-01,2.80e-02,-4.80e-01,
127,2.08e+00,-9.60e-01,2.40e-02,-3.20e-01,
128,2.16e+00,-8.80e-01,2.60e-02,-3.20e-01,
129,2.00e+00,-8.40e-01,2.20e-02,-3.20e-01,
130,2.00e+00,-8.80e-01,2.00e-02,-3.20e-01,
131,2.08e+00,-8.80e-01,2.40e-02,-3.20e-01,
132,2.00e+00,-8.80e-01,2.00e-02,-3.20e-01,
133,2.08e+00,-8.80e-01,2.00e-02,-3.20e-01,
134,2.00e+00,-8.80e-01,1.80e-02,-3.20e-01,
135,1.84e+00,-8.00e-01,2.20e-02,-3.20e-01,
136,1.92e+00,-8.40e-01,2.20e-02,-3.20e-01,
137,1.84e+00,-8.00e-01,1.80e-02,-2.40e-01,
138,1.92e+00,-8.40e-01,2.20e-02,-2.40e-01,
139,1.84e+00,-8.00e-01,1.80e-02,-3.20e-01,
140,1.92e+00,-8.40e-01,1.80e-02,-3.20e-01,
141,1.76e+00,-7.60e-01,1.60e-02,-3.20e-01,
142,1.76e+00,-7.60e-01,1.60e-02,-3.20e-01,
143,1.76e+00,-7.60e-01,1.20e-02,-2.40e-01,
144,1.76e+00,-7.60e-01,1.20e-02,-3.20e-01,
145,1.76e+00,-7.20e-01,1.00e-02,-1.60e-01,
146,1.76e+00,-7.60e-01,1.20e-02,-3.20e-01,
147,1.60e+00,-6.80e-01,8.00e-03,-1.60e-01,
148,1.60e+00,-6.80e-01,1.00e-02,-1.60e-01,
149,1.68e+00,-7.20e-01,6.00e-03,-2.40e-01,
150,1.68e+00,-6.80e-01,8.00e-03,-1.60e-01,
151,1.52e+00,-7.20e-01,6.00e-03,-2.40e-01,
152,1.52e+00,-7.20e-01,8.00e-03,-1.60e-01,
153,1.52e+00,-6.40e-01,4.00e-03,-2.40e-01,
154,1.60e+00,-6.40e-01,6.00e-03,-1.60e-01,
155,1.44e+00,-6.00e-01,4.00e-03,-2.40e-01,
156,1.52e+00,-6.00e-01,4.00e-03,-1.60e-01,
157,1.44e+00,-6.40e-01,2.00e-03,-2.40e-01,
158,1.44e+00,-5.60e-01,2.00e-03,-1.60e-01,
159,1.36e+00,-6.00e-01,-2.00e-03,-2.40e-01,
160,1.44e+00,-6.00e-01,-2.00e-03,-1.60e-01,
161,1.28e+00,-5.60e-01,-6.00e-03,-2.40e-01,
162,1.28e+00,-5.60e-01,-4.00e-03,-1.60e-01,
163,1.28e+00,-5.20e-01,-8.00e-03,-2.40e-01,
164,1.28e+00,-5.20e-01,-8.00e-03,-1.60e-01,
165,1.12e+00,-5.20e-01,-8.00e-03,-2.40e-01,
166,1.20e+00,-5.20e-01,-1.20e-02,-1.60e-01,
167,1.12e+00,-4.80e-01,-8.00e-03,-2.40e-01,
168,1.20e+00,-4.40e-01,-1.00e-02,-2.40e-01,
169,1.04e+00,-4.80e-01,-1.00e-02,-1.60e-01,
170,1.04e+00,-4.40e-01,-1.40e-02,-2.40e-01,
171,1.12e+00,-4.40e-01,-1.00e-02,-1.60e-01,
172,1.04e+00,-4.80e-01,-1.20e-02,-1.60e-01,
173,8.80e-01,-3.60e-01,-1.60e-02,-2.40e-01,
174,8.80e-01,-4.00e-01,-1.40e-02,-1.60e-01,
175,9.60e-01,-3.60e-01,-1.80e-02,-2.40e-01,
176,8.80e-01,-4.00e-01,-2.00e-02,-2.40e-01,
177,9.60e-01,-3.20e-01,-2.20e-02,-1.60e-01,
178,8.00e-01,-3.20e-01,-2.20e-02,-1.60e-01,
179,8.80e-01,-3.60e-01,-2.60e-02,-2.40e-01,
180,8.80e-01,-3.60e-01,-2.40e-02,-1.60e-01,
181,7.20e-01,-2.80e-01,-2.80e-02,-2.40e-01,
182,6.40e-01,-2.40e-01,-2.60e-02,-8.00e-02,
183,7.20e-01,-2.80e-01,-2.80e-02,-2.40e-01,
184,7.20e-01,-2.80e-01,-2.60e-02,-2.40e-01,
185,5.60e-01,-2.00e-01,-3.00e-02,-8.00e-02,
186,5.60e-01,-2.00e-01,-3.00e-02,-2.40e-01,
187,5.60e-01,-2.40e-01,-3.20e-02,-8.00e-02,
188,5.60e-01,-2.00e-01,-2.80e-02,-2.40e-01,
189,4.00e-01,-2.40e-01,-3.60e-02,0.00e+00,
190,4.00e-01,-2.00e-01,-3.40e-02,0.00e+00,
191,4.80e-01,-1.20e-01,-3.80e-02,-2.40e-01,
192,4.80e-01,-1.20e-01,-3.60e-02,-2.40e-01,
193,3.20e-01,-1.60e-01,-4.00e-02,-8.00e-02,
194,3.20e-01,-1.60e-01,-3.80e-02,-1.60e-01,
195,2.40e-01,-8.00e-02,-4.20e-02,-8.00e-02,
196,3.20e-01,-8.00e-02,-4.00e-02,-8.00e-02,
197,1.60e-01,-8.00e-02,-4.60e-02,-2.40e-01,
198,1.60e-01,-8.00e-02,-4.40e-02,-8.00e-02,
199,2.40e-01,0.00e+00,-4.60e-02,-2.40e-01,
200,2.40e-01,-4.00e-02,-4.60e-02,-1.60e-01,
201,8.00e-02,0.00e+00,-4.60e-02,-2.40e-01,
202,8.00e-02,4.00e-02,-4.60e-02,-1.60e-01,
203,8.00e-02,0.00e+00,-4.80e-02,-2.40e-01,
204,8.00e-02,4.00e-02,-4.80e-02,-2.40e-01,
205,-8.00e-02,8.00e-02,-5.20e-02,-1.60e-01,
206,-8.00e-02,1.20e-01,-5.00e-02,-1.60e-01,
207,0.00e+00,8.00e-02,-5.40e-02,-2.40e-01,
208,-8.00e-02,1.20e-01,-5.20e-02,-2.40e-01,
209,-1.60e-01,8.00e-02,-5.60e-02,-1.60e-01,
210,-2.40e-01,8.00e-02,-5.40e-02,-1.60e-01,
211,-1.60e-01,1.60e-01,-5.80e-02,-2.40e-01,
212,-1.60e-01,1.60e-01,-5.60e-02,-2.40e-01,
213,-3.20e-01,1.60e-01,-6.00e-02,-1.60e-01,
214,-3.20e-01,1.60e-01,-6.00e-02,-2.40e-01,
215,-2.40e-01,2.40e-01,-5.60e-02,-1.60e-01,
216,-2.40e-01,2.40e-01,-6.20e-02,-2.40e-01,
217,-4.80e-01,2.00e-01,-5.80e-02,-1.60e-01,
218,-4.00e-01,2.00e-01,-6.00e-02,-2.40e-01,
219,-4.00e-01,2.80e-01,-6.40e-02,-1.60e-01,
220,-4.80e-01,3.20e-01,-6.00e-02,-2.40e-01,
221,-5.60e-01,2.80e-01,-6.60e-02,-1.60e-01,
222,-4.80e-01,3.20e-01,-6.60e-02,-2.40e-01,
223,-5.60e-01,3.60e-01,-6.40e-02,-1.60e-01,
224,-5.60e-01,3.60e-01,-6.60e-02,-1.60e-01,
225,-7.20e-01,3.20e-01,-7.00e-02,-3.20e-01,
226,-6.40e-01,3.60e-01,-7.00e-02,-3.20e-01,
227,-7.20e-01,4.40e-01,-7.00e-02,-1.60e-01,
228,-6.40e-01,4.40e-01,-7.20e-02,-3.20e-01,
229,-8.00e-01,4.00e-01,-7.20e-02,-3.20e-01,
230,-8.00e-01,4.00e-01,-7.60e-02,-3.20e-01,
231,-7.20e-01,4.80e-01,-7.20e-02,-3.20e-01,
232,-9.60e-01,4.80e-01,-7.40e-02,-3.20e-01,
233,-8.80e-01,4.80e-01,-7.60e-02,-3.20e-01,
234,-8.80e-01,4.80e-01,-7.60e-02,-3.20e-01,
235,-9.60e-01,5.20e-01,-7.40e-02,-3.20e-01,
236,-1.04e+00,5.20e-01,-7.40e-02,-3.20e-01,
237,-9.60e-01,5.20e-01,-7.60e-02,-3.20e-01,
238,-9.60e-01,5.20e-01,-7.60e-02,-3.20e-01,
239,-1.04e+00,6.00e-01,-7.20e-02,-3.20e-01,
240,-1.12e+00,5.60e-01,-7.40e-02,-3.20e-01,
241,-1.20e+00,6.00e-01,-7.20e-02,-2.40e-01,
242,-1.12e+00,6.00e-01,-7.20e-02,-4.80e-01,
243,-1.12e+00,6.80e-01,-7.40e-02,-3.20e-01,
244,-1.12e+00,6.40e-01,-7.20e-02,-4.00e-01,
245,-1.28e+00,6.80e-01,-6.80e-02,-4.80e-01,
246,-1.28e+00,6.40e-01,-6.80e-02,-4.00e-01,
247,-1.28e+00,7.20e-01,-6.60e-02,-4.80e-01,
248,-1.28e+00,7.20e-01,-6.60e-02,-4.80e-01,
249,-1.44e+00,6.80e-01,-6.00e-02,-4.00e-01,
250,-1.36e+00,7.20e-01,-6.00e-02,-4.80e-01,
251,-1.44e+00,6.80e-01,-5.80e-02,-4.00e-01,
252,-1.36e+00,7.20e-01,-5.60e-02,-4.80e-01,
253,-1.52e+00,8.00e-01,-5.40e-02,-4.00e-01,
254,-1.52e+00,8.00e-01,-5.40e-02,-4.00e-01,
255,-1.52e+00,7.60e-01,-5.00e-02,-5.60e-01,
256,-1.52e+00,7.60e-01,-5.00e-02,-5.60e-01,
257,-1.60e+00,8.40e-01,-4.60e-02,-5.60e-01,
258,-1.60e+00,8.40e-01,-4.40e-02,-5.60e-01,
259,-1.68e+00,8.00e-01,-4.20e-02,-5.60e-01,
260,-1.60e+00,8.40e-01,-4.00e-02,-5.60e-01,
261,-1.68e+00,8.40e-01,-3.60e-02,-5.60e-01,
262,-1.60e+00,8.40e-01,-3.00e-02,-5.60e-01,
263,-1.76e+00,9.20e-01,-3.20e-02,-5.60e-01,
264,-1.68e+00,8.80e-01,-2.60e-02,-5.60e-01,
265,-1.76e+00,9.20e-01,-2.00e-02,-5.60e-01,
266,-1.76e+00,8.80e-01,-1.80e-02,-7.20e-01,
267,-1.76e+00,9.60e-01,-8.00e-03,-6.40e-01,
268,-1.76e+00,9.60e-01,-6.00e-03,-7.20e-01,
269,-1.76e+00,9.60e-01,4.00e-03,-6.40e-01,
270,-1.76e+00,9.60e-01,6.00e-03,-6.40e-01,
271,-1.92e+00,9.60e-01,1.40e-02,-7.20e-01,
272,-1.84e+00,9.20e-01,1.60e-02,-6.40e-01,
273,-1.92e+00,1.04e+00,2.20e-02,-7.20e-01,
274,-1.84e+00,1.00e+00,2.00e-02,-6.40e-01,
275,-1.92e+00,1.04e+00,2.00e-02,-7.20e-01,
276,-2.00e+00,1.00e+00,2.00e-02,-7.20e-01,
277,-2.00e+00,1.08e+00,2.40e-02,-6.40e-01,
278,-2.00e+00,1.08e+00,2.00e-02,-7.20e-01,
279,-2.00e+00,1.08e+00,2.40e-02,-6.40e-01,
280,-2.00e+00,1.08e+00,2.00e-02,-6.40e-01,
281,-2.00e+00,1.08e+00,2.60e-02,-8.00e-01,
282,-2.00e+00,1.08e+00,2.40e-02,-8.00e-01,
283,-2.16e+00,1.16e+00,3.00e-02,-8.80e-01,
284,-2.08e+00,1.12e+00,3.00e-02,-8.00e-01,
285,-2.16e+00,1.16e+00,3.80e-02,-8.00e-01,
286,-2.08e+00,1.12e+00,4.00e-02,-8.00e-01,
287,-2.16e+00,1.16e+00,4.40e-02,-8.00e-01,
288,-2.08e+00,1.12e+00,4.20e-02,-8.00e-01,
289,-2.24e+00,1.20e+00,4.80e-02,-8.80e-01,
290,-2.24e+00,1.16e+00,4.40e-02,-8.00e-01,
291,-2.24e+00,1.24e+00,4.80e-02,-8.80e-01,
292,-2.24e+00,1.20e+00,4.40e-02,-8.80e-01,
293,-2.24e+00,1.20e+00,4.60e-02,-8.00e-01,
294,-2.24e+00,1.20e+00,4.20e-02,-8.00e-01,
295,-2.24e+00,1.28e+00,4.40e-02,-8.00e-01,
296,-2.24e+00,1.28e+00,4.20e-02,-8.00e-01,
297,-2.40e+00,1.20e+00,4.60e-02,-8.00e-01,
298,-2.32e+00,1.28e+00,4.40e-02,-8.00e-01,
299,-2.40e+00,1.24e+00,4.80e-02,-8.00e-01,
300,-2.32e+00,1.24e+00,4.80e-02,-8.00e-01,
301,-2.40e+00,1.28e+00,5.20e-02,-8.00e-01,
302,-2.40e+00,1.24e+00,5.40e-02,-8.00e-01,
303,-2.32e+00,1.28e+00,5.60e-02,-8.00e-01,
304,-2.32e+00,1.24e+00,5.60e-02,-8.00e-01,
305,-2.40e+00,1.32e+00,6.00e-02,-8.00e-01,
306,-2.32e+00,1.24e+00,6.00e-02,-8.00e-01,
307,-2.40e+00,1.36e+00,5.60e-02,-8.80e-01,
308,-2.32e+00,1.32e+00,5.60e-02,-8.00e-01,
309,-2.48e+00,1.36e+00,5.80e-02,-8.00e-01,
310,-2.48e+00,1.36e+00,5.40e-02,-8.00e-01,
311,-2.48e+00,1.32e+00,5.60e-02,-8.00e-01,
312,-2.48e+00,1.32e+00,5.40e-02,-8.00e-01,
313,-2.48e+00,1.32e+00,5.80e-02,-8.00e-01,
314,-2.48e+00,1.36e+00,5.40e-02,-8.00e-01,
315,-2.56e+00,1.32e+00,5.80e-02,-8.00e-01,
316,-2.48e+00,1.32e+00,5.80e-02,-8.00e-01,
317,-2.48e+00,1.40e+00,6.20e-02,-8.00e-01,
318,-2.48e+00,1.32e+00,6.20e-02,-8.00e-01,
319,-2.48e+00,1.40e+00,6.60e-02,-8.00e-01,
320,-2.48e+00,1.36e+00,6.40e-02,-8.00e-01,
321,-2.56e+00,1.40e+00,6.60e-02,-8.00e-01,
322,-2.48e+00,1.36e+00,6.60e-02,-8.00e-01,
323,-2.48e+00,1.40e+00,6.40e-02,-8.00e-01,
324,-2.48e+00,1.40e+00,6.60e-02,-8.00e-01,
325,-2.48e+00,1.36e+00,6.00e-02,-8.80e-01,
326,-2.48e+00,1.40e+00,6.00e-02,-8.00e-01,
327,-2.48e+00,1.36e+00,6.40e-02,-8.00e-01,
328,-2.48e+00,1.40e+00,6.00e-02,-8.00e-01,
329,-2.48e+00,1.36e+00,6.20e-02,-8.00e-01,
330,-2.48e+00,1.36e+00,6.00e-02,-8.00e-01,
331,-2.56e+00,1.40e+00,6.40e-02,-8.80e-01,
332,-2.48e+00,1.40e+00,6.20e-02,-8.00e-01,
333,-2.48e+00,1.36e+00,6.60e-02,-8.00e-01,
334,-2.48e+00,1.40e+00,6.60e-02,-8.00e-01,
335,-2.56e+00,1.36e+00,6.80e-02,-8.00e-01,
336,-2.48e+00,1.36e+00,6.80e-02,-8.00e-01,
337,-2.56e+00,1.40e+00,6.80e-02,-8.00e-01,
338,-2.48e+00,1.36e+00,6.80e-02,-8.00e-01,
339,-2.48e+00,1.40e+00,6.60e-02,-8.00e-01,
340,-2.48e+00,1.36e+00,6.60e-02,-8.00e-01,
341,-2.48e+00,1.40e+00,6.40e-02,-8.00e-01,
342,-2.48e+00,1.36e+00,6.40e-02,-8.00e-01,
343,-2.48e+00,1.40e+00,6.00e-02,-8.00e-01,
344,-2.48e+00,1.36e+00,6.00e-02,-8.80e-01,
345,-2.48e+00,1.40e+00,6.40e-02,-8.00e-01,
346,-2.48e+00,1.36e+00,6.00e-02,-8.80e-01,
347,-2.56e+00,1.40e+00,6.40e-02,-8.00e-01,
348,-2.56e+00,1.40e+00,6.20e-02,-8.00e-01,
349,-2.48e+00,1.36e+00,6.60e-02,-8.00e-01,
350,-2.56e+00,1.40e+00,6.60e-02,-8.00e-01,
351,-2.32e+00,1.40e+00,6.80e-02,-8.00e-01,
352,-2.40e+00,1.40e+00,6.60e-02,-8.00e-01,
353,-2.32e+00,1.36e+00,7.00e-02,-8.00e-01,
354,-2.40e+00,1.36e+00,6.60e-02,-8.00e-01,
355,-2.32e+00,1.40e+00,6.40e-02,-9.60e-01,
356,-2.40e+00,1.40e+00,6.40e-02,-9.60e-01,
357,-2.32e+00,1.32e+00,6.20e-02,-9.60e-01,
358,-2.40e+00,1.36e+00,6.20e-02,-9.60e-01,
359,-2.32e+00,1.32e+00,5.80e-02,-9.60e-01,
360,-2.32e+00,1.32e+00,5.80e-02,-9.60e-01,
361,-2.40e+00,1.36e+00,6.00e-02,-9.60e-01,
362,-2.40e+00,1.32e+00,6.00e-02,-9.60e-01,
363,-2.24e+00,1.36e+00,5.80e-02,-8.80e-01,
364,-2.32e+00,1.32e+00,5.80e-02,-9.60e-01,
365,-2.24e+00,1.36e+00,6.20e-02,-8.80e-01,
366,-2.24e+00,1.32e+00,6.20e-02,-9.60e-01,
367,-2.24e+00,1.36e+00,6.00e-02,-8.80e-01,
368,-2.24e+00,1.32e+00,6.20e-02,-9.60e-01,
369,-2.24e+00,1.24e+00,5.80e-02,-8.80e-01,
370,-2.24e+00,1.32e+00,6.20e-02,-8.80e-01,
371,-2.08e+00,1.24e+00,5.60e-02,-1.04e+00,
372,-2.08e+00,1.28e+00,5.80e-02,-1.04e+00,
373,-2.16e+00,1.24e+00,5.40e-02,-1.12e+00,
374,-2.16e+00,1.28e+00,5.40e-02,-1.04e+00,
375,-2.08e+00,1.28e+00,5.00e-02,-1.12e+00,
376,-2.08e+00,1.24e+00,5.20e-02,-1.04e+00,
377,-2.16e+00,1.28e+00,5.00e-02,-1.12e+00,
378,-2.16e+00,1.28e+00,5.20e-02,-1.04e+00,
379,-2.00e+00,1.20e+00,5.00e-02,-1.04e+00,
380,-2.00e+00,1.20e+00,5.20e-02,-1.04e+00,
381,-2.00e+00,1.20e+00,4.80e-02,-1.12e+00,
382,-2.00e+00,1.20e+00,5.40e-02,-1.04e+00,
383,-2.00e+00,1.24e+00,5.00e-02,-1.12e+00,
384,-2.00e+00,1.20e+00,5.20e-02,-1.04e+00,
385,-1.84e+00,1.24e+00,4.80e-02,-1.20e+00,
386,-1.92e+00,1.20e+00,5.20e-02,-1.20e+00,
387,-1.84e+00,1.12e+00,4.60e-02,-1.12e+00,
388,-1.92e+00,1.16e+00,4.80e-02,-1.20e+00,
389,-1.84e+00,1.12e+00,4.40e-02,-1.20e+00,
390,-1.92e+00,1.16e+00,4.40e-02,-1.20e+00,
391,-1.76e+00,1.12e+00,3.80e-02,-1.12e+00,
392,-1.76e+00,1.16e+00,4.20e-02,-1.20e+00,
393,-1.76e+00,1.08e+00,3.80e-02,-1.12e+00,
394,-1.76e+00,1.08e+00,4.00e-02,-1.20e+00,
395,-1.76e+00,1.08e+00,3.60e-02,-1.12e+00,
396,-1.76e+00,1.08e+00,4.00e-02,-1.20e+00,
397,-1.60e+00,1.08e+00,3.60e-02,-1.12e+00,
398,-1.60e+00,1.08e+00,4.00e-02,-1.12e+00,
399,-1.68e+00,1.00e+00,3.60e-02,-1.28e+00,
400,-1.68e+00,1.04e+00,3.80e-02,-1.20e+00,
401,-1.52e+00,1.00e+00,3.40e-02,-1.36e+00,
402,-1.52e+00,1.00e+00,3.60e-02,-1.28e+00,
403,-1.52e+00,1.04e+00,3.20e-02,-1.36e+00,
404,-1.52e+00,9.60e-01,3.40e-02,-1.36e+00,
405,-1.52e+00,1.04e+00,3.00e-02,-1.28e+00,
406,-1.52e+00,9.60e-01,2.80e-02,-1.28e+00,
407,-1.36e+00,9.20e-01,2.40e-02,-1.28e+00,
408,-1.36e+00,9.20e-01,2.60e-02,-1.28e+00,
409,-1.44e+00,9.60e-01,2.20e-02,-1.36e+00,
410,-1.36e+00,9.60e-01,2.40e-02,-1.36e+00,
411,-1.20e+00,8.80e-01,2.20e-02,-1.28e+00,
412,-1.28e+00,8.80e-01,2.40e-02,-1.28e+00,
413,-1.20e+00,9.20e-01,2.00e-02,-1.36e+00,
414,-1.28e+00,9.20e-01,2.40e-02,-1.28e+00,
415,-1.12e+00,8.40e-01,2.00e-02,-1.28e+00,
416,-1.12e+00,8.40e-01,2.20e-02,-1.28e+00,
417,-1.20e+00,8.00e-01,1.80e-02,-1.44e+00,
418,-1.20e+00,8.40e-01,1.80e-02,-1.44e+00,
419,-9.60e-01,7.60e-01,1.20e-02,-1.44e+00,
420,-1.04e+00,7.60e-01,1.40e-02,-1.44e+00,
421,-1.04e+00,8.00e-01,1.00e-02,-1.36e+00,
422,-1.04e+00,8.00e-01,1.00e-02,-1.44e+00,
423,-8.80e-01,7.60e-01,6.00e-03,-1.36e+00,
424,-9.60e-01,8.00e-01,1.00e-02,-1.44e+00,
425,-8.80e-01,6.80e-01,4.00e-03,-1.36e+00,
426,-9.60e-01,7.20e-01,4.00e-03,-1.44e+00,
427,-8.00e-01,7.20e-01,8.00e-03,-1.36e+00,
428,-8.00e-01,7.20e-01,4.00e-03,-1.44e+00,
429,-8.00e-01,6.40e-01,0.00e+00,-1.36e+00,
430,-8.00e-01,6.80e-01,4.00e-03,-1.36e+00,
431,-7.20e-01,6.40e-01,0.00e+00,-1.44e+00,
432,-7.20e-01,6.80e-01,2.00e-03,-1.36e+00,
433,-6.40e-01,6.00e-01,-4.00e-03,-1.44e+00,
434,-7.20e-01,6.00e-01,-2.00e-03,-1.44e+00,
435,-4.80e-01,5.60e-01,-6.00e-03,-1.36e+00,
436,-4.80e-01,6.00e-01,-4.00e-03,-1.36e+00,
437,-5.60e-01,5.20e-01,-1.00e-02,-1.44e+00,
438,-5.60e-01,5.20e-01,-1.00e-02,-1.52e+00,
439,-4.00e-01,5.20e-01,-1.20e-02,-1.36e+00,
440,-4.00e-01,5.60e-01,-1.20e-02,-1.52e+00,
441,-4.80e-01,4.40e-01,-1.60e-02,-1.60e+00,
442,-4.00e-01,4.40e-01,-1.40e-02,-1.52e+00,
443,-3.20e-01,4.80e-01,-1.80e-02,-1.60e+00,
444,-3.20e-01,4.80e-01,-1.80e-02,-1.52e+00,
445,-2.40e-01,4.00e-01,-1.60e-02,-1.60e+00,
446,-3.20e-01,4.00e-01,-2.00e-02,-1.52e+00,
447,-1.60e-01,4.40e-01,-1.80e-02,-1.52e+00,
448,-2.40e-01,4.40e-01,-2.00e-02,-1.52e+00,
449,-1.60e-01,3.60e-01,-2.40e-02,-1.60e+00,
450,-2.40e-01,3.20e-01,-2.40e-02,-1.52e+00,
451,-8.00e-02,4.00e-01,-2.80e-02,-1.52e+00,
452,-8.00e-02,3.60e-01,-2.60e-02,-1.52e+00,
453,0.00e+00,2.80e-01,-3.20e-02,-1.60e+00,
454,-8.00e-02,2.80e-01,-3.40e-02,-1.52e+00,
455,8.00e-02,2.80e-01,-3.00e-02,-1.60e+00,
456,8.00e-02,2.80e-01,-3.40e-02,-1.52e+00,
457,8.00e-02,2.00e-01,-3.60e-02,-1.52e+00,
458,8.00e-02,2.40e-01,-3.60e-02,-1.52e+00,
459,2.40e-01,2.00e-01,-4.20e-02,-1.60e+00,
460,1.60e-01,2.40e-01,-4.00e-02,-1.60e+00,
461,2.40e-01,1.60e-01,-3.80e-02,-1.52e+00,
462,1.60e-01,1.60e-01,-4.00e-02,-1.60e+00,
463,3.20e-01,1.60e-01,-4.40e-02,-1.52e+00,
464,3.20e-01,2.00e-01,-4.20e-02,-1.52e+00,
465,3.20e-01,1.20e-01,-4.60e-02,-1.60e+00,
466,2.40e-01,1.20e-01,-4.60e-02,-1.52e+00,
467,4.80e-01,8.00e-02,-5.00e-02,-1.60e+00,
468,4.00e-01,1.20e-01,-4.80e-02,-1.52e+00,
469,4.80e-01,8.00e-02,-5.40e-02,-1.60e+00,
470,4.00e-01,4.00e-02,-5.40e-02,-1.52e+00,
471,5.60e-01,4.00e-02,-5.80e-02,-1.60e+00,
472,5.60e-01,4.00e-02,-5.40e-02,-1.52e+00,
473,5.60e-01,-4.00e-02,-6.00e-02,-1.60e+00,
474,5.60e-01,4.00e-02,-6.00e-02,-1.52e+00,
475,7.20e-01,-4.00e-02,-5.60e-02,-1.60e+00,
476,6.40e-01,0.00e+00,-6.00e-02,-1.60e+00,
477,7.20e-01,-8.00e-02,-6.40e-02,-1.36e+00,
478,6.40e-01,-8.00e-02,-6.20e-02,-1.52e+00,
479,8.00e-01,-1.20e-01,-6.60e-02,-1.36e+00,
480,8.00e-01,-8.00e-02,-6.20e-02,-1.44e+00,
481,8.80e-01,-1.20e-01,-6.80e-02,-1.36e+00,
482,8.00e-01,-8.00e-02,-6.60e-02,-1.44e+00,
483,9.60e-01,-1.60e-01,-7.00e-02,-1.36e+00,
484,8.80e-01,-1.60e-01,-6.60e-02,-1.44e+00,
485,9.60e-01,-1.20e-01,-7.40e-02,-1.36e+00,
486,9.60e-01,-1.20e-01,-7.20e-02,-1.44e+00,
487,1.12e+00,-2.40e-01,-7.40e-02,-1.36e+00,
488,1.04e+00,-2.00e-01,-7.40e-02,-1.44e+00,
489,1.04e+00,-2.00e-01,-7.60e-02,-1.36e+00,
490,1.04e+00,-2.00e-01,-7.40e-02,-1.36e+00,
491,1.20e+00,-2.80e-01,-7.80e-02,-1.44e+00,
492,1.20e+00,-2.80e-01,-7.60e-02,-1.44e+00,
493,1.12e+00,-2.40e-01,-8.00e-02,-1.36e+00,
494,1.20e+00,-2.80e-01,-7.60e-02,-1.36e+00,
495,1.36e+00,-3.60e-01,-8.00e-02,-1.44e+00,
496,1.28e+00,-3.20e-01,-8.00e-02,-1.44e+00,
497,1.28e+00,-3.20e-01,-7.80e-02,-1.28e+00,
498,1.28e+00,-3.20e-01,-7.80e-02,-1.28e+00,
499,1.44e+00,-4.00e-01,-8.20e-02,-1.28e+00,
500,1.36e+00,-4.00e-01,-8.20e-02,-1.28e+00,
501,1.44e+00,-3.60e-01,-8.00e-02,-1.28e+00,
502,1.44e+00,-3.60e-01,-8.20e-02,-1.28e+00,
503,1.60e+00,-4.40e-01,-8.00e-02,-1.28e+00,
504,1.52e+00,-4.40e-01,-8.20e-02,-1.28e+00,
505,1.60e+00,-4.80e-01,-8.00e-02,-1.28e+00,
506,1.52e+00,-4.40e-01,-8.20e-02,-1.28e+00,
507,1.60e+00,-4.80e-01,-7.80e-02,-1.28e+00,
508,1.52e+00,-4.40e-01,-8.00e-02,-1.28e+00,
509,1.68e+00,-5.20e-01,-7.60e-02,-1.36e+00,
510,1.60e+00,-5.20e-01,-7.80e-02,-1.12e+00,
511,1.68e+00,-4.80e-01,-7.40e-02,-1.20e+00,
512,1.60e+00,-4.80e-01,-7.60e-02,-1.20e+00,
513,1.84e+00,-5.60e-01,-7.20e-02,-1.12e+00,
514,1.76e+00,-5.60e-01,-7.20e-02,-1.12e+00,
515,1.84e+00,-6.00e-01,-6.80e-02,-1.20e+00,
516,1.76e+00,-5.60e-01,-6.80e-02,-1.12e+00,
517,1.84e+00,-6.00e-01,-7.00e-02,-1.20e+00,
518,1.76e+00,-5.60e-01,-6.80e-02,-1.20e+00,
519,1.92e+00,-6.40e-01,-6.40e-02,-1.12e+00,
520,1.92e+00,-6.40e-01,-6.40e-02,-1.20e+00,
521,1.84e+00,-6.00e-01,-6.00e-02,-1.04e+00,
522,1.84e+00,-6.40e-01,-6.00e-02,-1.04e+00,
523,2.00e+00,-6.00e-01,-5.40e-02,-1.04e+00,
524,2.08e+00,-6.40e-01,-5.60e-02,-1.04e+00,
525,2.00e+00,-6.80e-01,-5.00e-02,-1.04e+00,
526,2.00e+00,-6.80e-01,-5.20e-02,-1.04e+00,
527,2.08e+00,-7.20e-01,-4.60e-02,-1.12e+00,
528,2.00e+00,-6.80e-01,-4.60e-02,-1.04e+00,
529,2.16e+00,-7.20e-01,-4.00e-02,-1.12e+00,
530,2.08e+00,-7.20e-01,-4.20e-02,-1.04e+00,
531,2.16e+00,-7.60e-01,-3.40e-02,-8.80e-01,
532,2.16e+00,-7.60e-01,-3.40e-02,-9.60e-01,
533,2.16e+00,-7.20e-01,-2.80e-02,-8.80e-01,
534,2.16e+00,-7.60e-01,-3.00e-02,-8.80e-01,
535,2.16e+00,-7.60e-01,-2.20e-02,-9.60e-01,
536,2.16e+00,-7.60e-01,-2.20e-02,-8.80e-01,
537,2.08e+00,-8.00e-01,-1.40e-02,-9.60e-01,
538,2.08e+00,-8.40e-01,-1.20e-02,-8.80e-01,
539,2.32e+00,-8.00e-01,-2.00e-03,-9.60e-01,
540,2.24e+00,-8.00e-01,-2.00e-03,-8.80e-01,
541,2.32e+00,-8.40e-01,4.00e-03,-9.60e-01,
542,2.24e+00,-8.00e-01,6.00e-03,-9.60e-01,
543,2.32e+00,-8.40e-01,1.20e-02,-8.00e-01,
544,2.24e+00,-8.80e-01,1.00e-02,-8.00e-01,
545,2.32e+00,-8.00e-01,1.40e-02,-8.00e-01,
546,2.24e+00,-8.80e-01,1.40e-02,-8.00e-01,
547,2.40e+00,-8.80e-01,1.20e-02,-8.00e-01,
548,2.40e+00,-8.80e-01,1.00e-02,-8.00e-01,
549,2.40e+00,-8.40e-01,1.40e-02,-8.80e-01,
550,2.40e+00,-8.80e-01,1.40e-02,-8.00e-01,
551,2.32e+00,-9.20e-01,1.60e-02,-8.80e-01,
552,2.40e+00,-8.80e-01,1.40e-02,-8.00e-01,
553,2.40e+00,-9.60e-01,1.80e-02,-8.00e-01,
554,2.40e+00,-9.60e-01,1.80e-02,-8.00e-01,
555,2.32e+00,-9.20e-01,2.40e-02,-8.00e-01,
556,2.40e+00,-9.60e-01,2.40e-02,-8.00e-01,
557,2.32e+00,-9.20e-01,2.80e-02,-8.00e-01,
558,2.32e+00,-9.20e-01,2.60e-02,-8.00e-01,
559,2.56e+00,-1.00e+00,3.00e-02,-6.40e-01,
560,2.40e+00,-9.20e-01,3.00e-02,-6.40e-01,
561,2.56e+00,-1.00e+00,3.40e-02,-7.20e-01,
562,2.56e+00,-1.00e+00,3.20e-02,-7.20e-01,
563,2.48e+00,-1.00e+00,2.80e-02,-7.20e-01,
564,2.48e+00,-1.00e+00,2.80e-02,-7.20e-01,
565,2.56e+00,-1.00e+00,2.40e-02,-6.40e-01,
566,2.48e+00,-1.00e+00,2.80e-02,-7.20e-01,
567,2.56e+00,-1.00e+00,2.60e-02,-6.40e-01,
568,2.56e+00,-1.00e+00,2.80e-02,-6.40e-01,
569,2.48e+00,-1.00e+00,3.00e-02,-7.20e-01,
570,2.48e+00,-1.00e+00,2.80e-02,-7.20e-01,
571,2.56e+00,-1.00e+00,3.20e-02,-6.40e-01,
572,2.56e+00,-1.00e+00,3.20e-02,-7.20e-01,
573,2.48e+00,-1.00e+00,3.60e-02,-6.40e-01,
574,2.56e+00,-1.00e+00,3.60e-02,-6.40e-01,
575,2.48e+00,-1.08e+00,4.00e-02,-7.20e-01,
576,2.56e+00,-1.00e+00,3.60e-02,-6.40e-01,
577,2.48e+00,-1.08e+00,4.00e-02,-7.20e-01,
578,2.48e+00,-1.04e+00,3.80e-02,-7.20e-01,
579,2.56e+00,-1.08e+00,3.40e-02,-6.40e-01,
580,2.56e+00,-1.08e+00,3.60e-02,-6.40e-01,
581,2.48e+00,-1.04e+00,3.20e-02,-7.20e-01,
582,2.48e+00,-1.08e+00,3.20e-02,-7.20e-01,
583,2.56e+00,-1.08e+00,3.60e-02,-6.40e-01,
584,2.48e+00,-1.08e+00,3.20e-02,-7.20e-01,
585,2.56e+00,-1.04e+00,3.60e-02,-5.60e-01,
586,2.56e+00,-1.08e+00,3.60e-02,-6.40e-01,
587,2.48e+00,-1.04e+00,3.40e-02,-5.60e-01,
588,2.56e+00,-1.04e+00,4.00e-02,-5.60e-01,
589,2.48e+00,-1.08e+00,3.60e-02,-5.60e-01,
590,2.48e+00,-1.04e+00,4.00e-02,-5.60e-01,
591,2.48e+00,-1.08e+00,3.80e-02,-5.60e-01,
592,2.48e+00,-1.04e+00,4.00e-02,-5.60e-01,
593,2.48e+00,-1.08e+00,4.00e-02,-6.40e-01,
594,2.48e+00,-1.04e+00,4.00e-02,-5.60e-01,
595,2.48e+00,-1.08e+00,3.60e-02,-5.60e-01,
596,2.48e+00,-1.08e+00,3.80e-02,-5.60e-01,
597,2.56e+00,-1.04e+00,3.40e-02,-5.60e-01,
598,2.56e+00,-1.08e+00,3.20e-02,-5.60e-01,
599,2.48e+00,-1.04e+00,3.60e-02,-5.60e-01,
600,2.56e+00,-1.08e+00,3.20e-02,-5.60e-01,
601,2.32e+00,-1.00e+00,3.60e-02,-5.60e-01,
602,2.40e+00,-1.04e+00,3.20e-02,-5.60e-01,
603,2.40e+00,-1.00e+00,3.60e-02,-5.60e-01,
604,2.40e+00,-1.00e+00,3.40e-02,-5.60e-01,
605,2.40e+00,-1.00e+00,3.80e-02,-5.60e-01,
606,2.32e+00,-1.00e+00,3.80e-02,-5.60e-01,
607,2.40e+00,-1.00e+00,3.40e-02,-5.60e-01,
608,2.32e+00,-1.00e+00,3.80e-02,-4.80e-01,
609,2.40e+00,-1.00e+00,3.40e-02,-4.00e-01,
610,2.40e+00,-1.00e+00,3.60e-02,-4.80e-01,
611,2.32e+00,-1.00e+00,3.20e-02,-4.00e-01,
612,2.40e+00,-1.00e+00,3.40e-02,-4.00e-01,
613,2.24e+00,-1.00e+00,3.00e-02,-4.80e-01,
614,2.24e+00,-1.00e+00,3.00e-02,-4.00e-01,
615,2.32e+00,-1.00e+00,2.80e-02,-4.80e-01,
616,2.24e+00,-1.00e+00,2.80e-02,-4.00e-01,
617,2.32e+00,-9.20e-01,3.20e-02,-4.80e-01,
618,2.32e+00,-9.20e-01,3.00e-02,-4.80e-01,
619,2.24e+00,-9.60e-01,3.20e-02,-4.00e-01,
620,2.32e+00,-9.60e-01,3.00e-02,-4.00e-01,
621,2.08e+00,-9.20e-01,3.40e-02,-4.80e-01,
622,2.08e+00,-9.60e-01,3.20e-02,-4.00e-01,
623,2.16e+00,-9.20e-01,3.00e-02,-4.80e-01,
624,2.16e+00,-9.60e-01,3.00e-02,-4.00e-01,
625,2.16e+00,-9.20e-01,2.80e-02,-4.80e-01,
626,2.08e+00,-9.60e-01,2.80e-02,-4.00e-01,
627,2.16e+00,-8.80e-01,2.40e-02,-4.80e-01,
628,2.16e+00,-8.80e-01,2.60e-02,-4.80e-01,
629,2.00e+00,-8.80e-01,2.20e-02,-3.20e-01,
630,2.08e+00,-8.80e-01,2.40e-02,-3.20e-01,
631,2.00e+00,-8.40e-01,2.00e-02,-3.20e-01,
632,2.08e+00,-8.80e-01,2.00e-02,-3.20e-01,
633,2.00e+00,-8.80e-01,2.00e-02,-3.20e-01,
634,2.00e+00,-8.80e-01,2.00e-02,-2.40e-01,
635,1.92e+00,-8.00e-01,2.20e-02,-3.20e-01,
636,1.92e+00,-8.40e-01,2.00e-02,-3.20e-01,
637,1.84e+00,-8.00e-01,2.20e-02,-3.20e-01,
638,1.92e+00,-8.40e-01,1.80e-02,-3.20e-01,
639,1.84e+00,-8.00e-01,2.20e-02,-3.20e-01,
640,1.92e+00,-8.40e-01,2.00e-02,-3.20e-01,
641,1.76e+00,-7.60e-01,1.60e-02,-3.20e-01,
642,1.76e+00,-7.60e-01,1.60e-02,-3.20e-01,
643,1.76e+00,-7.60e-01,1.40e-02,-3.20e-01,
644,1.76e+00,-7.60e-01,1.40e-02,-3.20e-01,
645,1.84e+00,-7.60e-01,1.00e-02,-3.20e-01,
646,1.76e+00,-7.60e-01,1.20e-02,-3.20e-01,
647,1.60e+00,-6.80e-01,8.00e-03,-3.20e-01,
648,1.68e+00,-7.20e-01,6.00e-03,-3.20e-01,
649,1.60e+00,-6.80e-01,1.00e-02,-1.60e-01,
650,1.68e+00,-6.80e-01,1.00e-02,-1.60e-01,
651,1.52e+00,-7.20e-01,6.00e-03,-2.40e-01,
652,1.52e+00,-7.20e-01,6.00e-03,-1.60e-01,
653,1.52e+00,-6.00e-01,1.00e-02,-2.40e-01,
654,1.52e+00,-6.40e-01,6.00e-03,-2.40e-01,
655,1.52e+00,-6.00e-01,8.00e-03,-1.60e-01,
656,1.52e+00,-6.40e-01,6.00e-03,-2.40e-01,
657,1.36e+00,-6.00e-01,0.00e+00,-1.60e-01,
658,1.36e+00,-6.00e-01,2.00e-03,-1.60e-01,
659,1.44e+00,-5.60e-01,-2.00e-03,-2.40e-01,
660,1.44e+00,-5.60e-01,0.00e+00,-2.40e-01,
661,1.28e+00,-6.00e-01,-6.00e-03,-1.60e-01,
662,1.28e+00,-5.60e-01,-2.00e-03,-1.60e-01,
663,1.36e+00,-4.80e-01,-8.00e-03,-2.40e-01,
664,1.28e+00,-4.80e-01,-6.00e-03,-2.40e-01,
665,1.20e+00,-5.20e-01,-8.00e-03,-1.60e-01,
666,1.20e+00,-5.20e-01,-6.00e-03,-2.40e-01,
667,1.12e+00,-4.40e-01,-1.00e-02,-1.60e-01,
668,1.20e+00,-5.20e-01,-1.20e-02,-2.40e-01,
669,1.04e+00,-4.40e-01,-8.00e-03,-1.60e-01,
670,1.04e+00,-4.40e-01,-1.00e-02,-1.60e-01,
671,1.04e+00,-4.80e-01,-1.20e-02,-2.40e-01,
672,1.04e+00,-4.40e-01,-1.20e-02,-2.40e-01,
673,9.60e-01,-3.60e-01,-1.60e-02,-1.60e-01,
674,9.60e-01,-4.00e-01,-1.60e-02,-2.40e-01,
675,8.80e-01,-3.60e-01,-2.00e-02,-1.60e-01,
676,8.80e-01,-4.00e-01,-2.00e-02,-1.60e-01,
677,9.60e-01,-3.20e-01,-2.20e-02,-2.40e-01,
678,8.00e-01,-3.20e-01,-2.20e-02,-2.40e-01,
679,8.80e-01,-3.60e-01,-2.40e-02,-1.60e-01,
680,8.00e-01,-3.20e-01,-2.40e-02,-1.60e-01,
681,8.00e-01,-2.40e-01,-2.80e-02,-2.40e-01,
682,7.20e-01,-2.40e-01,-2.60e-02,-1.60e-01,
683,6.40e-01,-2.80e-01,-2.80e-02,-2.40e-01,
684,7.20e-01,-2.80e-01,-2.60e-02,-2.40e-01,
685,6.40e-01,-2.00e-01,-3.00e-02,-8.00e-02,
686,5.60e-01,-2.00e-01,-2.80e-02,-2.40e-01,
687,5.60e-01,-2.40e-01,-3.20e-02,-8.00e-02,
688,5.60e-01,-2.00e-01,-2.80e-02,-2.40e-01,
689,4.80e-01,-2.00e-01,-3.40e-02,-1.60e-01,
690,4.00e-01,-1.20e-01,-3.40e-02,-2.40e-01,
691,4.80e-01,-1.60e-01,-3.80e-02,-1.60e-01,
692,4.80e-01,-1.60e-01,-3.60e-02,-2.40e-01,
693,3.20e-01,-1.20e-01,-4.20e-02,-8.00e-02,
694,3.20e-01,-1.60e-01,-4.00e-02,-2.40e-01,
695,2.40e-01,-8.00e-02,-4.40e-02,-8.00e-02,
696,3.20e-01,-8.00e-02,-4.40e-02,-8.00e-02,
697,2.40e-01,-8.00e-02,-4.20e-02,-2.40e-01,
698,1.60e-01,-8.00e-02,-4.60e-02,-2.40e-01,
699,2.40e-01,0.00e+00,-4.20e-02,-1.60e-01,
700,2.40e-01,-4.00e-02,-4.40e-02,-1.60e-01,
701,0.00e+00,0.00e+00,-4.60e-02,-2.40e-01,
702,8.00e-02,0.00e+00,-5.00e-02,-1.60e-01,
703,8.00e-02,4.00e-02,-4.60e-02,-2.40e-01,
704,8.00e-02,4.00e-02,-4.80e-02,-1.60e-01,
705,-8.00e-02,4.00e-02,-5.20e-02,-2.40e-01,
706,-8.00e-02,4.00e-02,-5.00e-02,-1.60e-01,
707,0.00e+00,1.20e-01,-5.40e-02,-2.40e-01,
708,0.00e+00,1.20e-01,-5.20e-02,-1.60e-01,
709,-2.40e-01,8.00e-02,-5.60e-02,-2.40e-01,
710,-1.60e-01,8.00e-02,-5.80e-02,-1.60e-01,
711,-1.60e-01,1.60e-01,-5.40e-02,-2.40e-01,
712,-1.60e-01,1.60e-01,-5.60e-02,-2.40e-01,
713,-3.20e-01,1.60e-01,-5.80e-02,-1.60e-01,
714,-3.20e-01,1.60e-01,-5.80e-02,-1.60e-01,
715,-2.40e-01,2.40e-01,-6.00e-02,-2.40e-01,
716,-3.20e-01,2.00e-01,-6.00e-02,-2.40e-01,
717,-4.00e-01,2.40e-01,-5.80e-02,-1.60e-01,
718,-4.00e-01,2.40e-01,-6.00e-02,-1.60e-01,
719,-4.80e-01,3.20e-01,-6.20e-02,-2.40e-01,
720,-4.00e-01,2.80e-01,-6.00e-02,-2.40e-01,
721,-5.60e-01,3.20e-01,-6.60e-02,-1.60e-01,
722,-5.60e-01,2.80e-01,-6.40e-02,-1.60e-01,
723,-4.80e-01,3.60e-01,-6.80e-02,-2.40e-01,
724,-5.60e-01,3.60e-01,-6.60e-02,-1.60e-01,
725,-7.20e-01,3.60e-01,-7.00e-02,-2.40e-01,
726,-6.40e-01,3.20e-01,-7.00e-02,-2.40e-01,
727,-7.20e-01,4.40e-01,-7.20e-02,-3.20e-01,
728,-6.40e-01,4.00e-01,-6.80e-02,-3.20e-01,
729,-8.00e-01,4.40e-01,-7.60e-02,-3.20e-01,
730,-8.00e-01,4.40e-01,-7.20e-02,-3.20e-01,
731,-7.20e-01,4.80e-01,-7.60e-02,-3.20e-01,
732,-8.80e-01,4.80e-01,-7.20e-02,-3.20e-01,
733,-9.60e-01,4.40e-01,-7.60e-02,-3.20e-01,
734,-8.80e-01,4.40e-01,-7.40e-02,-3.20e-01,
735,-9.60e-01,5.20e-01,-7.60e-02,-3.20e-01,
736,-1.04e+00,5.60e-01,-7.40e-02,-3.20e-01,
737,-9.60e-01,5.20e-01,-7.20e-02,-3.20e-01,
738,-9.60e-01,5.20e-01,-7.60e-02,-2.40e-01,
739,-1.12e+00,6.00e-01,-7.20e-02,-3.20e-01,
740,-1.12e+00,6.00e-01,-7.60e-02,-3.20e-01,
741,-1.20e+00,5.60e-01,-7.20e-02,-4.80e-01,
742,-1.12e+00,5.60e-01,-7.20e-02,-4.00e-01,
743,-1.28e+00,6.80e-01,-7.00e-02,-4.80e-01,
744,-1.28e+00,6.80e-01,-7.00e-02,-4.80e-01,
745,-1.20e+00,6.40e-01,-6.80e-02,-4.00e-01,
746,-1.28e+00,6.40e-01,-6.80e-02,-4.00e-01,
747,-1.20e+00,7.20e-01,-6.40e-02,-4.80e-01,
748,-1.28e+00,7.20e-01,-6.60e-02,-4.00e-01,
749,-1.44e+00,7.20e-01,-6.00e-02,-4.80e-01,
750,-1.36e+00,7.20e-01,-6.40e-02,-4.80e-01,
751,-1.44e+00,6.80e-01,-5.40e-02,-4.00e-01,
752,-1.36e+00,7.20e-01,-5.80e-02,-4.00e-01,
753,-1.52e+00,8.00e-01,-5.20e-02,-4.80e-01,
754,-1.52e+00,8.00e-01,-5.40e-02,-5.60e-01,
755,-1.52e+00,7.60e-01,-4.80e-02,-5.60e-01,
756,-1.44e+00,7.60e-01,-4.80e-02,-5.60e-01,
757,-1.68e+00,8.40e-01,-4.20e-02,-5.60e-01,
758,-1.60e+00,8.40e-01,-4.40e-02,-5.60e-01,
759,-1.68e+00,8.00e-01,-3.80e-02,-5.60e-01,
760,-1.68e+00,8.40e-01,-4.00e-02,-5.60e-01,
761,-1.60e+00,8.40e-01,-3.00e-02,-5.60e-01,
762,-1.60e+00,8.40e-01,-3.20e-02,-5.60e-01,
763,-1.76e+00,9.20e-01,-2.40e-02,-5.60e-01,
764,-1.68e+00,9.20e-01,-2.40e-02,-5.60e-01,
765,-1.76e+00,8.80e-01,-1.40e-02,-5.60e-01,
766,-1.76e+00,8.80e-01,-1.40e-02,-7.20e-01,
767,-1.68e+00,9.20e-01,-4.00e-03,-5.60e-01,
768,-1.76e+00,8.80e-01,-4.00e-03,-7.20e-01,
769,-1.76e+00,9.60e-01,8.00e-03,-6.40e-01,
770,-1.92e+00,9.60e-01,6.00e-03,-7.20e-01,
771,-1.84e+00,9.60e-01,1.60e-02,-7.20e-01,
772,-1.92e+00,9.20e-01,1.60e-02,-6.40e-01,
773,-1.84e+00,1.00e+00,2.20e-02,-7.20e-01,
774,-1.84e+00,1.00e+00,2.00e-02,-7.20e-01,
775,-1.92e+00,1.04e+00,2.40e-02,-6.40e-01,
776,-1.84e+00,1.04e+00,2.00e-02,-7.20e-01,
777,-2.00e+00,1.00e+00,2.40e-02,-6.40e-01,
778,-2.00e+00,1.04e+00,2.00e-02,-7.20e-01,
779,-2.00e+00,1.08e+00,2.40e-02,-6.40e-01,
780,-1.92e+00,1.08e+00,2.20e-02,-6.40e-01,
781,-2.16e+00,1.12e+00,2.80e-02,-8.00e-01,
782,-2.16e+00,1.08e+00,2.80e-02,-8.80e-01,
783,-2.08e+00,1.08e+00,3.20e-02,-8.00e-01,
784,-2.16e+00,1.08e+00,3.20e-02,-8.80e-01,
785,-2.08e+00,1.16e+00,4.00e-02,-8.00e-01,
786,-2.08e+00,1.12e+00,3.60e-02,-8.00e-01,
787,-2.16e+00,1.16e+00,4.40e-02,-8.80e-01,
788,-2.08e+00,1.12e+00,4.20e-02,-8.00e-01,
789,-2.24e+00,1.20e+00,4.80e-02,-8.00e-01,
790,-2.24e+00,1.20e+00,4.40e-02,-8.00e-01,
791,-2.24e+00,1.20e+00,4.80e-02,-8.00e-01,
792,-2.24e+00,1.20e+00,4.40e-02,-8.00e-01,
793,-2.24e+00,1.20e+00,4.20e-02,-8.80e-01,
794,-2.24e+00,1.20e+00,4.20e-02,-8.00e-01,
795,-2.32e+00,1.20e+00,4.60e-02,-8.00e-01,
796,-2.24e+00,1.20e+00,4.20e-02,-8.00e-01,
797,-2.40e+00,1.28e+00,4.80e-02,-8.80e-01,
798,-2.24e+00,1.28e+00,4.40e-02,-8.80e-01,
799,-2.40e+00,1.24e+00,5.00e-02,-8.00e-01,
800,-2.40e+00,1.28e+00,5.00e-02,-8.00e-01,
801,-2.32e+00,1.24e+00,5.40e-02,-8.00e-01,
802,-2.32e+00,1.28e+00,5.40e-02,-8.00e-01,
803,-2.40e+00,1.24e+00,6.00e-02,-8.00e-01,
804,-2.40e+00,1.28e+00,6.00e-02,-8.00e-01,
805,-2.32e+00,1.24e+00,5.80e-02,-8.80e-01,
806,-2.40e+00,1.28e+00,6.00e-02,-8.80e-01,
807,-2.32e+00,1.36e+00,5.60e-02,-8.00e-01,
808,-2.32e+00,1.32e+00,5.80e-02,-8.00e-01,
809,-2.48e+00,1.36e+00,5.40e-02,-8.80e-01,
810,-2.32e+00,1.36e+00,5.60e-02,-8.80e-01,
811,-2.56e+00,1.32e+00,5.40e-02,-8.00e-01,
812,-2.48e+00,1.36e+00,5.80e-02,-8.00e-01,
813,-2.56e+00,1.32e+00,5.40e-02,-8.80e-01,
814,-2.48e+00,1.36e+00,5.60e-02,-8.00e-01,
815,-2.56e+00,1.32e+00,5.80e-02,-8.80e-01,
816,-2.48e+00,1.32e+00,5.80e-02,-8.00e-01,
817,-2.48e+00,1.36e+00,6.40e-02,-8.00e-01,
818,-2.48e+00,1.40e+00,6.20e-02,-8.00e-01,
819,-2.48e+00,1.32e+00,6.60e-02,-8.00e-01,
820,-2.48e+00,1.40e+00,6.60e-02,-8.00e-01,
821,-2.56e+00,1.36e+00,6.80e-02,-8.80e-01,
822,-2.48e+00,1.32e+00,6.60e-02,-8.00e-01,
823,-2.48e+00,1.40e+00,6.40e-02,-8.80e-01,
824,-2.48e+00,1.36e+00,6.60e-02,-8.00e-01,
825,-2.48e+00,1.40e+00,6.20e-02,-8.80e-01,
826,-2.48e+00,1.36e+00,6.40e-02,-8.00e-01,
827,-2.56e+00,1.40e+00,6.00e-02,-8.00e-01,
828,-2.56e+00,1.36e+00,6.20e-02,-8.00e-01,
829,-2.48e+00,1.40e+00,5.80e-02,-8.00e-01,
830,-2.48e+00,1.36e+00,6.00e-02,-8.00e-01,
831,-2.56e+00,1.40e+00,6.40e-02,-8.80e-01,
832,-2.48e+00,1.36e+00,6.20e-02,-8.00e-01,
833,-2.48e+00,1.40e+00,6.80e-02,-8.00e-01,
834,-2.48e+00,1.40e+00,6.60e-02,-8.00e-01,
835,-2.56e+00,1.36e+00,7.00e-02,-8.80e-01,
836,-2.48e+00,1.40e+00,6.60e-02,-8.80e-01,
837,-2.56e+00,1.40e+00,7.20e-02,-8.00e-01,
838,-2.48e+00,1.40e+00,7.00e-02,-8.00e-01,
839,-2.56e+00,1.36e+00,6.60e-02,-8.00e-01,
840,-2.48e+00,1.36e+00,6.60e-02,-8.00e-01,
841,-2.56e+00,1.40e+00,6.40e-02,-8.00e-01,
842,-2.56e+00,1.40e+00,6.40e-02,-8.00e-01,
843,-2.48e+00,1.36e+00,6.20e-02,-8.00e-01,
844,-2.48e+00,1.36e+00,6.40e-02,-8.00e-01,
845,-2.48e+00,1.40e+00,6.00e-02,-8.80e-01,
846,-2.48e+00,1.40e+00,6.00e-02,-8.00e-01,
847,-2.56e+00,1.36e+00,6.40e-02,-8.00e-01,
848,-2.48e+00,1.40e+00,6.40e-02,-8.00e-01,
849,-2.48e+00,1.36e+00,6.60e-02,-8.00e-01,
850,-2.48e+00,1.40e+00,6.60e-02,-8.00e-01,
851,-2.32e+00,1.36e+00,7.00e-02,-8.80e-01,
852,-2.32e+00,1.40e+00,6.60e-02,-8.00e-01,
853,-2.40e+00,1.40e+00,6.80e-02,-8.00e-01,
854,-2.40e+00,1.40e+00,6.60e-02,-8.00e-01,
855,-2.32e+00,1.36e+00,6.40e-02,-9.60e-01,
856,-2.40e+00,1.36e+00,6.40e-02,-8.00e-01,
857,-2.32e+00,1.32e+00,6.00e-02,-9.60e-01,
858,-2.40e+00,1.32e+00,6.20e-02,-9.60e-01,
859,-2.32e+00,1.40e+00,5.80e-02,-8.80e-01,
860,-2.40e+00,1.32e+00,6.00e-02,-9.60e-01,
861,-2.32e+00,1.36e+00,5.80e-02,-8.80e-01,
862,-2.40e+00,1.32e+00,5.80e-02,-8.80e-01,
863,-2.24e+00,1.32e+00,6.20e-02,-9.60e-01,
864,-2.24e+00,1.32e+00,6.20e-02,-8.80e-01,
865,-2.24e+00,1.32e+00,6.00e-02,-9.60e-01,
866,-2.24e+00,1.32e+00,6.00e-02,-9.60e-01,
867,-2.24e+00,1.32e+00,6.40e-02,-9.60e-01,
868,-2.24e+00,1.28e+00,6.20e-02,-9.60e-01,
869,-2.24e+00,1.36e+00,5.80e-02,-8.80e-01,
870,-2.24e+00,1.32e+00,6.20e-02,-9.60e-01,
871,-2.08e+00,1.24e+00,5.60e-02,-8.80e-01,
872,-2.16e+00,1.24e+00,5.80e-02,-1.04e+00,
873,-2.08e+00,1.28e+00,5.40e-02,-8.80e-01,
874,-2.08e+00,1.28e+00,5.40e-02,-1.04e+00,
875,-2.16e+00,1.24e+00,5.00e-02,-1.12e+00,
876,-2.16e+00,1.28e+00,5.00e-02,-1.04e+00,
877,-2.08e+00,1.24e+00,5.20e-02,-1.04e+00,
878,-2.08e+00,1.28e+00,5.20e-02,-1.04e+00,
879,-2.00e+00,1.20e+00,5.00e-02,-1.12e+00,
880,-2.00e+00,1.20e+00,5.00e-02,-1.04e+00,
881,-2.00e+00,1.20e+00,5.40e-02,-1.12e+00,
882,-2.00e+00,1.20e+00,5.40e-02,-1.12e+00,
883,-2.00e+00,1.24e+00,5.20e-02,-1.04e+00,
884,-2.00e+00,1.20e+00,5.20e-02,-1.04e+00,
885,-1.84e+00,1.12e+00,4.80e-02,-1.12e+00,
886,-1.84e+00,1.12e+00,5.20e-02,-1.04e+00,
887,-1.92e+00,1.16e+00,4.40e-02,-1.20e+00,
888,-1.92e+00,1.12e+00,4.60e-02,-1.20e+00,
889,-1.84e+00,1.16e+00,4.20e-02,-1.12e+00,
890,-1.92e+00,1.12e+00,4.40e-02,-1.20e+00,
891,-1.76e+00,1.16e+00,3.80e-02,-1.12e+00,
892,-1.76e+00,1.16e+00,4.20e-02,-1.20e+00,
893,-1.76e+00,1.08e+00,4.00e-02,-1.12e+00,
894,-1.76e+00,1.08e+00,4.00e-02,-1.20e+00,
895,-1.68e+00,1.08e+00,3.80e-02,-1.12e+00,
896,-1.76e+00,1.08e+00,3.80e-02,-1.12e+00,
897,-1.60e+00,1.12e+00,4.00e-02,-1.20e+00,
898,-1.68e+00,1.08e+00,4.00e-02,-1.20e+00,
899,-1.60e+00,1.00e+00,3.60e-02,-1.12e+00,
900,-1.68e+00,1.00e+00,3.80e-02,-1.12e+00,
901,-1.52e+00,1.04e+00,3.40e-02,-1.28e+00,
902,-1.52e+00,1.00e+00,3.60e-02,-1.28e+00,
903,-1.44e+00,1.04e+00,3.20e-02,-1.36e+00,
904,-1.44e+00,1.00e+00,3.40e-02,-1.28e+00,
905,-1.52e+00,9.20e-01,2.80e-02,-1.28e+00,
906,-1.44e+00,9.60e-01,3.00e-02,-1.28e+00,
907,-1.36e+00,9.60e-01,2.40e-02,-1.36e+00,
908,-1.36e+00,9.60e-01,2.60e-02,-1.28e+00,
909,-1.44e+00,8.80e-01,2.40e-02,-1.36e+00,
910,-1.44e+00,8.80e-01,2.20e-02,-1.28e+00,
911,-1.28e+00,9.20e-01,2.40e-02,-1.36e+00,
912,-1.20e+00,9.20e-01,2.20e-02,-1.28e+00,
913,-1.28e+00,8.80e-01,2.40e-02,-1.28e+00,
914,-1.28e+00,8.80e-01,2.40e-02,-1.28e+00,
915,-1.12e+00,8.40e-01,2.00e-02,-1.36e+00,
916,-1.12e+00,8.40e-01,2.00e-02,-1.28e+00,
917,-1.20e+00,8.00e-01,1.80e-02,-1.44e+00,
918,-1.20e+00,8.40e-01,1.80e-02,-1.44e+00,
919,-1.04e+00,7.60e-01,1.40e-02,-1.36e+00,
920,-1.04e+00,7.60e-01,1.40e-02,-1.44e+00,
921,-1.04e+00,8.00e-01,1.20e-02,-1.36e+00,
922,-1.04e+00,8.00e-01,1.20e-02,-1.36e+00,
923,-9.60e-01,7.20e-01,6.00e-03,-1.44e+00,
924,-8.80e-01,8.00e-01,1.00e-02,-1.44e+00,
925,-9.60e-01,7.20e-01,4.00e-03,-1.36e+00,
926,-9.60e-01,7.20e-01,6.00e-03,-1.44e+00,
927,-8.80e-01,6.80e-01,4.00e-03,-1.36e+00,
928,-8.00e-01,7.20e-01,4.00e-03,-1.44e+00,
929,-8.00e-01,6.40e-01,0.00e+00,-1.36e+00,
930,-8.00e-01,6.80e-01,0.00e+00,-1.44e+00,
931,-7.20e-01,6.40e-01,4.00e-03,-1.36e+00,
932,-6.40e-01,6.80e-01,2.00e-03,-1.36e+00,
933,-6.40e-01,6.00e-01,-2.00e-03,-1.44e+00,
934,-6.40e-01,6.00e-01,0.00e+00,-1.44e+00,
935,-7.20e-01,5.60e-01,-6.00e-03,-1.36e+00,
936,-5.60e-01,6.00e-01,-6.00e-03,-1.44e+00,
937,-4.80e-01,5.20e-01,-1.00e-02,-1.36e+00,
938,-5.60e-01,5.20e-01,-1.40e-02,-1.44e+00,
939,-4.80e-01,5.60e-01,-1.00e-02,-1.44e+00,
940,-4.00e-01,5.60e-01,-1.20e-02,-1.36e+00,
941,-4.00e-01,4.40e-01,-1.60e-02,-1.60e+00,
942,-4.00e-01,4.40e-01,-1.80e-02,-1.52e+00,
943,-2.40e-01,4.80e-01,-1.40e-02,-1.60e+00,
944,-2.40e-01,4.80e-01,-1.80e-02,-1.60e+00,
945,-3.20e-01,4.00e-01,-2.00e-02,-1.52e+00,
946,-3.20e-01,4.00e-01,-1.60e-02,-1.52e+00,
947,-1.60e-01,4.00e-01,-2.20e-02,-1.52e+00,
948,-1.60e-01,4.00e-01,-2.00e-02,-1.52e+00,
949,-2.40e-01,3.60e-01,-2.60e-02,-1.52e+00,
950,-1.60e-01,3.60e-01,-2.40e-02,-1.52e+00,
951,0.00e+00,3.20e-01,-2.80e-02,-1.60e+00,
952,0.00e+00,3.60e-01,-2.80e-02,-1.52e+00,
953,-8.00e-02,2.80e-01,-3.20e-02,-1.52e+00,
954,-8.00e-02,2.80e-01,-3.00e-02,-1.52e+00,
955,8.00e-02,2.80e-01,-3.40e-02,-1.60e+00,
956,8.00e-02,2.80e-01,-3.40e-02,-1.60e+00,
957,8.00e-02,2.00e-01,-3.80e-02,-1.52e+00,
958,8.00e-02,2.00e-01,-3.60e-02,-1.52e+00,
959,1.60e-01,2.40e-01,-4.00e-02,-1.60e+00,
960,2.40e-01,2.40e-01,-3.80e-02,-1.52e+00,
961,1.60e-01,1.60e-01,-4.20e-02,-1.60e+00,
962,1.60e-01,1.60e-01,-4.00e-02,-1.52e+00,
963,3.20e-01,2.00e-01,-4.40e-02,-1.60e+00,
964,3.20e-01,1.60e-01,-4.40e-02,-1.60e+00,
965,3.20e-01,8.00e-02,-4.60e-02,-1.52e+00,
966,3.20e-01,1.20e-01,-4.60e-02,-1.52e+00,
967,4.80e-01,8.00e-02,-5.20e-02,-1.60e+00,
968,4.80e-01,1.20e-01,-5.00e-02,-1.52e+00,
969,4.00e-01,4.00e-02,-5.40e-02,-1.60e+00,
970,4.00e-01,4.00e-02,-5.20e-02,-1.52e+00,
971,5.60e-01,4.00e-02,-5.80e-02,-1.52e+00,
972,5.60e-01,4.00e-02,-5.60e-02,-1.52e+00,
973,5.60e-01,4.00e-02,-6.00e-02,-1.60e+00,
974,5.60e-01,-4.00e-02,-6.00e-02,-1.52e+00,
975,7.20e-01,0.00e+00,-5.80e-02,-1.60e+00,
976,7.20e-01,0.00e+00,-6.00e-02,-1.36e+00,
977,6.40e-01,-8.00e-02,-6.40e-02,-1.60e+00,
978,7.20e-01,-8.00e-02,-6.20e-02,-1.36e+00,
979,8.00e-01,-1.20e-01,-6.40e-02,-1.44e+00,
980,8.00e-01,-8.00e-02,-6.40e-02,-1.44e+00,
981,8.00e-01,-1.60e-01,-6.80e-02,-1.36e+00,
982,8.00e-01,-1.20e-01,-6.40e-02,-1.36e+00,
983,9.60e-01,-1.60e-01,-7.00e-02,-1.44e+00,
984,9.60e-01,-1.60e-01,-7.00e-02,-1.44e+00,
985,9.60e-01,-1.20e-01,-7.20e-02,-1.36e+00,
986,8.80e-01,-1.20e-01,-7.20e-02,-1.44e+00,
987,1.04e+00,-2.00e-01,-7.60e-02,-1.36e+00,
988,1.04e+00,-2.00e-01,-7.40e-02,-1.44e+00,
989,1.12e+00,-2.40e-01,-7.80e-02,-1.36e+00,
990,1.04e+00,-2.00e-01,-7.40e-02,-1.44e+00,
991,1.20e+00,-2.80e-01,-7.80e-02,-1.36e+00,
992,1.20e+00,-2.40e-01,-8.00e-02,-1.44e+00,
993,1.12e+00,-2.80e-01,-7.60e-02,-1.36e+00,
994,1.12e+00,-2.80e-01,-7.60e-02,-1.36e+00,
995,1.36e+00,-3.20e-01,-8.00e-02,-1.44e+00,
996,1.28e+00,-3.60e-01,-8.00e-02,-1.44e+00,
997,1.28e+00,-3.20e-01,-7.80e-02,-1.28e+00,
998,1.28e+00,-3.20e-01,-7.80e-02,-1.44e+00,
999,1.44e+00,-4.00e-01,-8.20e-02,-1.28e+00,
1000,1.36e+00,-3.60e-01,-8.20e-02,-1.28e+00,
1001,1.44e+00,-4.00e-01,-7.80e-02,-1.36e+00,
1002,1.36e+00,-4.00e-01,-8.20e-02,-1.28e+00,
1003,1.52e+00,-4.80e-01,-7.80e-02,-1.36e+00,
1004,1.52e+00,-4.40e-01,-7.80e-02,-1.28e+00,
1005,1.52e+00,-4.80e-01,-8.20e-02,-1.28e+00,
1006,1.52e+00,-4.40e-01,-8.20e-02,-1.28e+00,
1007,1.52e+00,-4.40e-01,-7.80e-02,-1.28e+00,
1008,1.52e+00,-4.40e-01,-8.00e-02,-1.36e+00,
1009,1.68e+00,-5.20e-01,-7.60e-02,-1.20e+00,
1010,1.60e+00,-4.80e-01,-7.80e-02,-1.20e+00,
1011,1.68e+00,-5.20e-01,-7.40e-02,-1.20e+00,
1012,1.68e+00,-4.80e-01,-7.60e-02,-1.20e+00,
1013,1.84e+00,-5.20e-01,-7.20e-02,-1.20e+00,
1014,1.84e+00,-5.60e-01,-7.20e-02,-1.20e+00,
1015,1.76e+00,-6.00e-01,-7.00e-02,-1.12e+00,
1016,1.76e+00,-6.00e-01,-6.80e-02,-1.20e+00,
1017,1.76e+00,-5.60e-01,-7.00e-02,-1.12e+00,
1018,1.92e+00,-5.60e-01,-6.80e-02,-1.20e+00,
1019,1.84e+00,-6.40e-01,-6.40e-02,-1.12e+00,
1020,1.84e+00,-6.40e-01,-6.40e-02,-1.20e+00,
1021,1.92e+00,-6.00e-01,-5.80e-02,-1.04e+00,
1022,1.84e+00,-6.40e-01,-5.80e-02,-1.04e+00,
1023,2.08e+00,-6.00e-01,-5.60e-02,-1.04e+00,
1024,2.00e+00,-6.40e-01,-5.40e-02,-1.04e+00,
1025,2.08e+00,-7.20e-01,-4.80e-02,-1.12e+00,
1026,2.00e+00,-6.80e-01,-5.00e-02,-1.04e+00,
1027,2.08e+00,-7.20e-01,-4.40e-02,-1.12e+00,
1028,2.08e+00,-6.80e-01,-4.40e-02,-1.04e+00,
1029,2.00e+00,-7.20e-01,-3.80e-02,-1.12e+00,
1030,2.16e+00,-6.80e-01,-3.80e-02,-1.04e+00,
1031,2.08e+00,-7.60e-01,-3.40e-02,-8.80e-01,
1032,2.16e+00,-7.60e-01,-3.40e-02,-8.80e-01,
1033,2.08e+00,-7.60e-01,-2.60e-02,-9.60e-01,
1034,2.16e+00,-7.60e-01,-2.80e-02,-8.80e-01,
1035,2.08e+00,-7.60e-01,-2.00e-02,-9.60e-01,
1036,2.16e+00,-7.60e-01,-2.00e-02,-9.60e-01,
1037,2.16e+00,-8.40e-01,-1.00e-02,-8.80e-01,
1038,2.08e+00,-8.00e-01,-1.00e-02,-8.80e-01,
1039,2.32e+00,-8.40e-01,-2.00e-03,-9.60e-01,
1040,2.24e+00,-8.00e-01,0.00e+00,-9.60e-01,
1041,2.32e+00,-8.40e-01,1.00e-02,-8.80e-01,
1042,2.24e+00,-8.00e-01,8.00e-03,-8.00e-01,
1043,2.24e+00,-8.40e-01,1.40e-02,-9.60e-01,
1044,2.32e+00,-8.80e-01,1.20e-02,-8.00e-01,
1045,2.24e+00,-8.00e-01,1.60e-02,-8.00e-01,
1046,2.24e+00,-8.80e-01,1.40e-02,-8.00e-01,
1047,2.32e+00,-8.80e-01,1.20e-02,-8.00e-01,
1048,2.32e+00,-8.80e-01,1.40e-02,-8.00e-01,
1049,2.40e+00,-8.80e-01,1.20e-02,-8.80e-01,
1050,2.40e+00,-8.80e-01,1.20e-02,-8.00e-01,
1051,2.32e+00,-9.20e-01,1.60e-02,-8.00e-01,
1052,2.40e+00,-8.80e-01,1.40e-02,-8.00e-01,
1053,2.32e+00,-9.60e-01,2.00e-02,-8.00e-01,
1054,2.40e+00,-9.20e-01,2.00e-02,-8.00e-01,
1055,2.32e+00,-9.60e-01,2.60e-02,-8.80e-01,
1056,2.40e+00,-9.20e-01,2.60e-02,-8.80e-01,
1057,2.40e+00,-9.60e-01,3.00e-02,-8.00e-01,
1058,2.40e+00,-9.60e-01,3.00e-02,-8.00e-01,
1059,2.40e+00,-9.20e-01,3.20e-02,-8.00e-01,
1060,2.56e+00,-1.00e+00,3.20e-02,-8.00e-01,
1061,2.48e+00,-9.60e-01,3.00e-02,-6.40e-01,
1062,2.48e+00,-1.00e+00,3.00e-02,-7.20e-01,
1063,2.48e+00,-1.00e+00,2.80e-02,-6.40e-01,
1064,2.48e+00,-1.00e+00,2.80e-02,-7.20e-01,
1065,2.56e+00,-1.00e+00,2.60e-02,-6.40e-01,
1066,2.56e+00,-1.00e+00,2.60e-02,-7.20e-01,
1067,2.48e+00,-1.00e+00,2.80e-02,-6.40e-01,
1068,2.48e+00,-1.00e+00,2.80e-02,-6.40e-01,
1069,2.56e+00,-1.00e+00,3.20e-02,-7.20e-01,
1070,2.56e+00,-1.00e+00,3.00e-02,-7.20e-01,
1071,2.48e+00,-1.00e+00,3.60e-02,-6.40e-01,
1072,2.56e+00,-1.00e+00,3.60e-02,-7.20e-01,
1073,2.48e+00,-1.00e+00,4.00e-02,-6.40e-01,
1074,2.48e+00,-1.00e+00,4.00e-02,-7.20e-01,
1075,2.56e+00,-1.08e+00,3.60e-02,-6.40e-01,
1076,2.56e+00,-1.00e+00,3.60e-02,-7.20e-01,
1077,2.48e+00,-1.08e+00,4.00e-02,-6.40e-01,
1078,2.48e+00,-1.04e+00,3.80e-02,-6.40e-01,
1079,2.56e+00,-1.08e+00,3.40e-02,-7.20e-01,
1080,2.48e+00,-1.08e+00,3.60e-02,-7.20e-01,
1081,2.56e+00,-1.04e+00,3.20e-02,-6.40e-01,
1082,2.48e+00,-1.04e+00,3.20e-02,-7.20e-01,
1083,2.56e+00,-1.08e+00,3.60e-02,-6.40e-01,
1084,2.56e+00,-1.08e+00,3.20e-02,-6.40e-01,
1085,2.48e+00,-1.04e+00,3.60e-02,-7.20e-01,
1086,2.48e+00,-1.04e+00,3.40e-02,-7.20e-01,
1087,2.56e+00,-1.08e+00,3.80e-02,-6.40e-01,
1088,2.56e+00,-1.08e+00,3.80e-02,-7.20e-01,
1089,2.48e+00,-1.04e+00,4.00e-02,-5.60e-01,
1090,2.48e+00,-1.08e+00,4.00e-02,-5.60e-01,
1091,2.56e+00,-1.08e+00,4.40e-02,-5.60e-01,
1092,2.48e+00,-1.08e+00,4.00e-02,-5.60e-01,
1093,2.56e+00,-1.04e+00,3.80e-02,-5.60e-01,
1094,2.48e+00,-1.08e+00,4.00e-02,-5.60e-01,
1095,2.56e+00,-1.04e+00,3.60e-02,-5.60e-01,
1096,2.48e+00,-1.08e+00,3.80e-02,-5.60e-01,
1097,2.56e+00,-1.00e+00,3.20e-02,-5.60e-01,
1098,2.48e+00,-1.08e+00,3.60e-02,-5.60e-01,
1099,2.56e+00,-1.04e+00,3.20e-02,-5.60e-01,
1100,2.56e+00,-1.00e+00,3.40e-02,-5.60e-01,
1101,2.40e+00,-1.08e+00,3.60e-02,-5.60e-01,
1102,2.40e+00,-1.08e+00,3.80e-02,-5.60e-01,
1103,2.32e+00,-1.00e+00,3.40e-02,-5.60e-01,
1104,2.40e+00,-1.00e+00,3.80e-02,-5.60e-01,
1105,2.40e+00,-1.00e+00,3.60e-02,-5.60e-01,
1106,2.40e+00,-1.00e+00,3.60e-02,-5.60e-01,
1107,2.32e+00,-1.08e+00,3.80e-02,-5.60e-01,
1108,2.40e+00,-1.00e+00,3.80e-02,-5.60e-01,
1109,2.40e+00,-1.00e+00,3.40e-02,-4.00e-01,
1110,2.32e+00,-1.00e+00,3.80e-02,-5.60e-01,
1111,2.40e+00,-1.00e+00,3.20e-02,-4.00e-01,
1112,2.40e+00,-1.00e+00,3.00e-02,-4.80e-01,
1113,2.24e+00,-1.00e+00,3.40e-02,-4.00e-01,
1114,2.24e+00,-1.00e+00,3.20e-02,-4.80e-01,
1115,2.32e+00,-1.00e+00,2.80e-02,-4.00e-01,
1116,2.24e+00,-1.00e+00,3.00e-02,-4.80e-01,
1117,2.32e+00,-9.20e-01,3.40e-02,-4.00e-01,
1118,2.24e+00,-9.20e-01,3.00e-02,-4.00e-01,
1119,2.32e+00,-1.00e+00,3.40e-02,-4.80e-01,
1120,2.32e+00,-9.20e-01,3.40e-02,-4.00e-01,
1121,2.08e+00,-9.60e-01,3.00e-02,-4.80e-01,
1122,2.16e+00,-9.20e-01,3.20e-02,-4.00e-01,
1123,2.08e+00,-9.60e-01,3.00e-02,-4.80e-01,
1124,2.08e+00,-9.60e-01,3.20e-02,-4.00e-01,
1125,2.16e+00,-8.80e-01,2.80e-02,-4.80e-01,
1126,2.16e+00,-8.80e-01,2.80e-02,-4.00e-01,
1127,2.08e+00,-8.80e-01,2.60e-02,-4.80e-01,
1128,2.16e+00,-8.80e-01,2.60e-02,-3.20e-01,
1129,2.00e+00,-8.40e-01,2.00e-02,-4.80e-01,
1130,2.00e+00,-8.80e-01,2.40e-02,-3.20e-01,
1131,2.08e+00,-8.80e-01,2.00e-02,-2.40e-01,
1132,2.00e+00,-8.80e-01,2.00e-02,-3.20e-01,
1133,2.08e+00,-8.00e-01,2.40e-02,-3.20e-01,
1134,2.00e+00,-8.00e-01,2.00e-02,-3.20e-01,
1135,1.84e+00,-8.80e-01,2.40e-02,-3.20e-01,
1136,1.84e+00,-8.00e-01,2.00e-02,-3.20e-01,
1137,1.92e+00,-8.40e-01,2.40e-02,-3.20e-01,
1138,1.92e+00,-8.00e-01,2.00e-02,-3.20e-01,
1139,1.84e+00,-8.40e-01,2.40e-02,-3.20e-01,
1140,1.92e+00,-8.40e-01,2.00e-02,-3.20e-01,
1141,1.76e+00,-7.20e-01,1.60e-02,-3.20e-01,
1142,1.84e+00,-7.60e-01,1.60e-02,-3.20e-01,
1143,1.76e+00,-7.20e-01,1.20e-02,-3.20e-01,
1144,1.76e+00,-7.60e-01,1.40e-02,-3.20e-01,
1145,1.84e+00,-7.20e-01,1.00e-02,-3.20e-01,
1146,1.84e+00,-7.60e-01,1.20e-02,-3.20e-01,
1147,1.68e+00,-6.80e-01,8.00e-03,-3.20e-01,
1148,1.68e+00,-6.80e-01,1.00e-02,-3.20e-01,
1149,1.68e+00,-6.80e-01,8.00e-03,-1.60e-01,
1150,1.68e+00,-6.80e-01,1.00e-02,-1.60e-01,
1151,1.52e+00,-7.20e-01,6.00e-03,-2.40e-01,
1152,1.52e+00,-7.20e-01,1.00e-02,-2.40e-01,
1153,1.60e+00,-6.40e-01,6.00e-03,-1.60e-01,
1154,1.52e+00,-6.40e-01,8.00e-03,-1.60e-01,
1155,1.60e+00,-6.00e-01,4.00e-03,-2.40e-01,
1156,1.44e+00,-6.40e-01,8.00e-03,-1.60e-01,
1157,1.36e+00,-5.60e-01,2.00e-03,-2.40e-01,
1158,1.36e+00,-5.60e-01,-2.00e-03,-1.60e-01,
1159,1.44e+00,-6.00e-01,2.00e-03,-2.40e-01,
1160,1.44e+00,-5.60e-01,-2.00e-03,-2.40e-01,
1161,1.28e+00,-6.00e-01,-6.00e-03,-1.60e-01,
1162,1.28e+00,-6.00e-01,-4.00e-03,-2.40e-01,
1163,1.36e+00,-5.20e-01,-6.00e-03,-1.60e-01,
1164,1.28e+00,-4.80e-01,-8.00e-03,-2.40e-01,
1165,1.12e+00,-5.20e-01,-4.00e-03,-1.60e-01,
1166,1.20e+00,-4.80e-01,-8.00e-03,-1.60e-01,
1167,1.12e+00,-5.20e-01,-8.00e-03,-2.40e-01,
1168,1.20e+00,-5.20e-01,-6.00e-03,-1.60e-01,
1169,1.04e+00,-4.40e-01,-1.00e-02,-2.40e-01,
1170,1.04e+00,-4.40e-01,-8.00e-03,-1.60e-01,
1171,1.12e+00,-4.80e-01,-1.20e-02,-2.40e-01,
1172,1.12e+00,-4.40e-01,-1.20e-02,-1.60e-01,
1173,8.80e-01,-3.60e-01,-1.60e-02,-2.40e-01,
1174,9.60e-01,-4.00e-01,-1.40e-02,-1.60e-01,
1175,8.80e-01,-3.60e-01,-1.80e-02,-2.40e-01,
1176,9.60e-01,-4.00e-01,-1.80e-02,-2.40e-01,
1177,8.00e-01,-3.20e-01,-2.20e-02,-1.60e-01,
1178,8.00e-01,-3.20e-01,-2.20e-02,-2.40e-01,
1179,8.00e-01,-3.60e-01,-2.60e-02,-1.60e-01,
1180,8.80e-01,-3.60e-01,-2.40e-02,-1.60e-01,
1181,6.40e-01,-2.40e-01,-2.60e-02,-2.40e-01,
1182,6.40e-01,-2.80e-01,-2.40e-02,-2.40e-01,
1183,7.20e-01,-2.40e-01,-2.80e-02,-1.60e-01,
1184,7.20e-01,-2.80e-01,-2.60e-02,-1.60e-01,
1185,5.60e-01,-2.40e-01,-3.00e-02,-2.40e-01,
1186,5.60e-01,-2.00e-01,-2.80e-02,-1.60e-01,
1187,5.60e-01,-2.00e-01,-3.20e-02,-2.40e-01,
1188,5.60e-01,-2.00e-01,-3.20e-02,-2.40e-01,
1189,5.60e-01,-2.00e-01,-3.40e-02,-8.00e-02,
1190,4.80e-01,-2.00e-01,-3.40e-02,-1.60e-01,
1191,4.00e-01,-1.20e-01,-3.80e-02,-2.40e-01,
1192,4.00e-01,-1.60e-01,-3.60e-02,-1.60e-01,
1193,4.80e-01,-1.20e-01,-4.20e-02,-2.40e-01,
1194,3.20e-01,-1.60e-01,-3.80e-02,-2.40e-01,
1195,3.20e-01,-8.00e-02,-4.20e-02,0.00e+00,
1196,3.20e-01,-8.00e-02,-4.20e-02,-2.40e-01,
1197,1.60e-01,-8.00e-02,-4.40e-02,-1.60e-01,
1198,1.60e-01,-8.00e-02,-4.20e-02,-2.40e-01,
1199,2.40e-01,0.00e+00,-4.60e-02,-1.60e-01,
